set,swaps,log2_capacity,init,param,psynth,pcrypto,ver
merkle,1,20,0.035783936,2.2023303,0.71870853,0.402936039,0.005812696
merkle,1000,20,7.001492582,1911.071156472,737.289924268,185.159773958,0.010926442
rsa,1000,20,69.085319499,893.278114466,307.559732836,58.244843786,0.017204668
merkle,1500,20,10.506790527,2977.355329446,1101.330812423,315.412170365,0.010820817
merkle,500,20,3.5350360690000002,947.31189393,364.228770034,93.770289105,0.009920663
rsa,1500,20,104.076311015,1137.816756592,416.289104054,97.773188287,0.016444033
rsa,1,20,0.118322263,646.130308734,96.182524053,48.31685194,0.008876258
rsa,500,20,34.675559153,767.343640742,199.503384423,55.142284445,0.009718505
